chrom1	start1	end1	chrom2	start2	end2	score	intervalID
chr2L	16321000	16323000	chr2L	16321000	16323000	34.7999992370605	1
chr2L	16323000	16326000	chr2L	16321000	16323000	28.4190483093262	2
chr2L	16326000	16329000	chr2L	16321000	16323000	1.04347825050354	3
chr2L	16329000	16332000	chr2L	16321000	16323000	-10.6714286804199	4
chr2L	16332000	16335000	chr2L	16321000	16323000	-12.1538457870483	5
chr2L	16335000	16338000	chr2L	16321000	16323000	-17.2242431640625	6
chr2L	16338000	16341000	chr2L	16321000	16323000	-19.836841583252	7
